a_eventid,a_title,a_description,image
1,Announcement Test2,Dummy Load Testing Data for announcement 1,randomImage1.jpg
2,Announcement Test3,Dummy Load Testing Data for announcement 2,randomImage2.jpg
3,Announcement Test4,Dummy Load Testing Data for announcement 3,randomImage3.jpg
4,Announcement Test5,Dummy Load Testing Data for announcement 4,randomImage4.jpg
5,Announcement Test6,Dummy Load Testing Data for announcement 5,randomImage5.jpg
6,Announcement Test7,Dummy Load Testing Data for announcement 6,randomImage6.jpg
7,Announcement Test8,Dummy Load Testing Data for announcement 7,randomImage7.jpg
8,Announcement Test9,Dummy Load Testing Data for announcement 8,randomImage8.jpg
9,Announcement Test10,Dummy Load Testing Data for announcement 9,randomImage9.jpg
10,Announcement Test11,Dummy Load Testing Data for announcement 10,randomImage10.jpg