e_title,image_banner,time_start,time_end,location,keynote_speaker,e_description,survey_link
Event 1,event_banner1.jpg,2023-06-01T09:00:00Z,2023-06-01T17:00:00Z,New York City,John Doe,This is a dummy event for load testing purposes,https://example.com/survey1
Event 2,event_banner2.jpg,2023-06-15T10:30:00Z,2023-06-15T15:30:00Z,London,Jane Smith,Another dummy event for load testing,https://example.com/survey2
Event 3,event_banner3.jpg,2023-07-01T08:00:00Z,2023-07-01T18:00:00Z,Paris,Michael Johnson,Dummy event with a longer description to test different scenarios. This event is created for load testing purposes only.,https://example.com/survey3
Event 4,event_banner4.jpg,2023-07-15T11:00:00Z,2023-07-15T16:00:00Z,Tokyo,Emily Davis,Short description for a dummy event,https://example.com/survey4
Event 5,event_banner5.jpg,2023-08-01T09:30:00Z,2023-08-01T17:30:00Z,Sydney,David Lee,Dummy event with a title that is a bit longer than usual,https://example.com/survey5
Event 6,event_banner6.jpg,2023-08-15T10:00:00Z,2023-08-15T15:00:00Z,Berlin,Sarah Kim,This is a test event created to simulate load testing,https://example.com/survey6
Event 7,event_banner7.jpg,2023-09-01T08:30:00Z,2023-09-01T17:30:00Z,Toronto,Mark Chen,Dummy event with a description that includes some special characters !@#$%^&*(),https://example.com/survey7
Event 8,event_banner8.jpg,2023-09-15T11:30:00Z,2023-09-15T16:30:00Z,Mexico City,Jessica Gonzalez,Short event title for load testing,https://example.com/survey8
Event 9,event_banner9.jpg,2023-10-01T09:00:00Z,2023-10-01T18:00:00Z,Mumbai,Rajesh Patel,Dummy event with a title and description that are both a bit longer,https://example.com/survey9
Event 10,event_banner10.jpg,2023-10-15T10:30:00Z,2023-10-15T15:30:00Z,Sao Paulo,Isabela Oliveira,This is the last dummy event created for load testing purposes,https://example.com/survey10