i_title,i_subtitle,i_description
Important Information 1,Subtitle 1,This is a dummy description for important information 1.
Important Information 2,Subtitle 2,Dummy description for important information 2.
Important Information 3,Subtitle 3,Longer dummy description for important information 3. This description is created for testing purposes.
Important Information 4,Subtitle 4,Short description for important information 4.
Important Information 5,Subtitle 5,Dummy description with special characters !@#$%^&*().
Important Information 6,Subtitle 6,Another dummy description for important information 6.
Important Information 7,Subtitle 7,Dummy description for testing important information.
Important Information 8,Subtitle 8,Short description for important information 8.
Important Information 9,Subtitle 9,Dummy description with a longer title and subtitle.
Important Information 10,Subtitle 10,Last dummy description for important information 10.